"original","sandp"
ed_20200220_10k_0.xml,ed_20200220_10k_1.xml
ppx_20200214_10k_1.xml,ppx_20200214_10k_1.xml
eb_20200302_10k_1.xml,eb_20200302_10k_0.xml
st_20200211_10k_1.xml,st_20200211_10k_0.xml
clr_20200226_10k_1.xml,clr_20200226_10k_0.xml
dt_20200527_10k_1.xml,dt_20200527_10k_1.xml
hwm_20200227_10k_0.xml,hwm_20200227_10k_1.xml
met_20200221_10k_1.xml,met_20200221_10k_0.xml
pro_20200219_10k_1.xml,pro_20200219_10k_0.xml
thc_20200224_10k_1.xml,thc_20200224_10k_0.xml
skx_20200228_10k_1.xml,skx_20200228_10k_0.xml
ccr_20200214_10k_0.xml,ccr_20200214_10k_0.xml
vmc_20200226_10k_1.xml,vmc_20200226_10k_0.xml
mr_20190315_10k_0.xml,mr_20190315_10k_0.xml
nep_20200218_10k_1.xml,nep_20200218_10k_0.xml
dfs_20200226_10k_1.xml,dfs_20200226_10k_0.xml
eix_20200227_10k_0.xml,eix_20200227_10k_0.xml
scu_20200224_10k_0.xml,scu_20200224_10k_0.xml
azz_20200429_10k_0.xml,azz_20200429_10k_1.xml
nov_20200213_10k_1.xml,nov_20200213_10k_0.xml
cri_20200224_10k_1.xml,cri_20200224_10k_0.xml
cnr_20200303_10k_1.xml,cnr_20200303_10k_0.xml
uzc_20200225_10k_1.xml,uzc_20200225_10k_1.xml
fcf_20200302_10k_0.xml,fcf_20200302_10k_0.xml
ghc_20200226_10k_1.xml,ghc_20200226_10k_0.xml
mgm_20200227_10k_1.xml,mgm_20200227_10k_0.xml
hy_20200225_10k_0.xml,hy_20200225_10k_1.xml
oi_20200221_10k_1.xml,oi_20200221_10k_0.xml
o_20200224_10k_1.xml,o_20200224_10k_0.xml
cog_20200225_10k_1.xml,cog_20200225_10k_1.xml
drua_20200228_10k_1.xml,drua_20200228_10k_1.xml
clh_20200226_10k_1.xml,clh_20200226_10k_0.xml
ppg_20200220_10k_1.xml,ppg_20200220_10k_0.xml
evrg_20200302_10k_1.xml,evrg_20200302_10k_1.xml
len_20200127_10k_1.xml,len_20200127_10k_0.xml
vici_20200220_10k_1.xml,vici_20200220_10k_0.xml
csl_20200210_10k_0.xml,csl_20200210_10k_0.xml
wso_20200228_10k_1.xml,wso_20200228_10k_1.xml
sitc_20200227_10k_1.xml,sitc_20200227_10k_0.xml
swn_20200227_10k_1.xml,swn_20200227_10k_1.xml
psb_20200219_10k_0.xml,psb_20200219_10k_1.xml
imax_20200219_10k_1.xml,imax_20200219_10k_0.xml
nus_20200213_10k_1.xml,nus_20200213_10k_0.xml
nhi_20200219_10k_1.xml,nhi_20200219_10k_0.xml
kmx_20200421_10k_0.xml,kmx_20200421_10k_1.xml
trtx_20200219_10k_1.xml,trtx_20200219_10k_0.xml
tbb_20200220_10k_1.xml,tbb_20200220_10k_1.xml
vne_20200221_10k_1.xml,vne_20200221_10k_0.xml
aep_20200220_10k_1.xml,aep_20200220_10k_1.xml
wow_20200304_10k_1.xml,wow_20200304_10k_0.xml
bkh_20200214_10k_0.xml,bkh_20200214_10k_1.xml
usna_20200225_10k_1.xml,usna_20200225_10k_1.xml
bfam_20200227_10k_1.xml,bfam_20200227_10k_0.xml
dre_20200225_10k_1.xml,dre_20200225_10k_1.xml
tnet_20200213_10k_1.xml,tnet_20200213_10k_0.xml
hubs_20200212_10k_1.xml,hubs_20200212_10k_0.xml
jll_20200227_10k_1.xml,jll_20200227_10k_0.xml
cp_20200220_10k_1.xml,cp_20200220_10k_1.xml
deck_20200601_10k_0.xml,deck_20200601_10k_0.xml
cof_20200220_10k_1.xml,cof_20200220_10k_0.xml
dukb_20200220_10k_1.xml,dukb_20200220_10k_1.xml
arch_20200211_10k_0.xml,arch_20200211_10k_0.xml
pri_20190226_10k_0.xml,pri_20190226_10k_0.xml
bhvn_20200226_10k_1.xml,bhvn_20200226_10k_0.xml
cplg_20200313_10k_1.xml,cplg_20200313_10k_0.xml
rpt_20200220_10k_1.xml,rpt_20200220_10k_0.xml
ncr_20200228_10k_0.xml,ncr_20200228_10k_0.xml
phr_20200423_10k_1.xml,phr_20200423_10k_1.xml
amc_20200228_10k_1.xml,amc_20200228_10k_0.xml
efx_20200220_10k_1.xml,efx_20200220_10k_0.xml
wlkp_20200228_10k_1.xml,wlkp_20200228_10k_0.xml
ful_20200124_10k_1.xml,ful_20200124_10k_0.xml
dty_20200205_10k_1.xml,dty_20200205_10k_1.xml
rsg_20190208_10k_1.xml,rsg_20190208_10k_1.xml
hi_20191113_10k_0.xml,hi_20191113_10k_1.xml
nni_20200227_10k_1.xml,nni_20200227_10k_0.xml
aht_20200312_10k_0.xml,aht_20200312_10k_0.xml
sxc_20200220_10k_0.xml,sxc_20200220_10k_0.xml
peg_20200226_10k_1.xml,peg_20200226_10k_0.xml
twi_20200304_10k_0.xml,twi_20200304_10k_1.xml
hcr_20200220_10k_0.xml,hcr_20200220_10k_0.xml
two_20200226_10k_1.xml,two_20200226_10k_0.xml
trgp_20200220_10k_1.xml,trgp_20200220_10k_0.xml
ht_20200225_10k_1.xml,ht_20200225_10k_0.xml
are_20200204_10k_1.xml,are_20200204_10k_1.xml
fico_20191108_10k_0.xml,fico_20191108_10k_1.xml
alx_20200218_10k_0.xml,alx_20200218_10k_1.xml
rlgy_20200225_10k_1.xml,rlgy_20200225_10k_0.xml
cfg_20200224_10k_1.xml,cfg_20200224_10k_0.xml
bcei_20200228_10k_1.xml,bcei_20200228_10k_0.xml
cldt_20190225_10k_0.xml,cldt_20190225_10k_0.xml
kmi_20200212_10k_1.xml,kmi_20200212_10k_0.xml
avb_20200221_10k_1.xml,avb_20200221_10k_0.xml
xec_20200226_10k_1.xml,xec_20200226_10k_0.xml
cor_20200207_10k_1.xml,cor_20200207_10k_1.xml
low_20200323_10k_1.xml,low_20200323_10k_1.xml
aptv_20200203_10k_1.xml,aptv_20200203_10k_0.xml
gm_20200205_10k_1.xml,gm_20200205_10k_0.xml
paa_20200227_10k_1.xml,paa_20200227_10k_0.xml
fit_20200227_10k_0.xml,fit_20200227_10k_1.xml
mrk_20200226_10k_1.xml,mrk_20200226_10k_1.xml
yum_20190221_10k_1.xml,yum_20190221_10k_1.xml
pwr_20190228_10k_1.xml,pwr_20190228_10k_1.xml
crm_20200305_10k_1.xml,crm_20200305_10k_1.xml
gpmt_20200302_10k_1.xml,gpmt_20200302_10k_0.xml
sojb_20200220_10k_1.xml,sojb_20200220_10k_1.xml
rok_20191112_10k_0.xml,rok_20191112_10k_0.xml
mtor_20191113_10k_0.xml,mtor_20191113_10k_0.xml
pru_20200214_10k_1.xml,pru_20200214_10k_0.xml
tr_20200228_10k_0.xml,tr_20200228_10k_1.xml
msgs_20190820_10k_1.xml,msgs_20190820_10k_0.xml
crc_20200226_10k_1.xml,crc_20200226_10k_1.xml
dar_20200225_10k_1.xml,dar_20200225_10k_0.xml
cty_20200305_10k_1.xml,cty_20200305_10k_0.xml
hig_20190222_10k_1.xml,hig_20190222_10k_1.xml
psx_20200221_10k_1.xml,psx_20200221_10k_0.xml
xyl_20190222_10k_1.xml,xyl_20190222_10k_1.xml
ths_20200213_10k_0.xml,ths_20200213_10k_1.xml
mdp_20190913_10k_0.xml,mdp_20190913_10k_0.xml
pwr_20200228_10k_1.xml,pwr_20200228_10k_0.xml
amn_20200225_10k_0.xml,amn_20200225_10k_0.xml
clf_20200220_10k_1.xml,clf_20200220_10k_0.xml
hei_20181220_10k_1.xml,hei_20181220_10k_1.xml
cnne_20200302_10k_1.xml,cnne_20200302_10k_0.xml
jhg_20200226_10k_1.xml,jhg_20200226_10k_0.xml
mcy_20200212_10k_1.xml,mcy_20200212_10k_1.xml
rhp_20200225_10k_0.xml,rhp_20200225_10k_0.xml
dfin_20190227_10k_0.xml,dfin_20190227_10k_1.xml
fe_20200210_10k_0.xml,fe_20200210_10k_1.xml
ltc_20200220_10k_1.xml,ltc_20200220_10k_0.xml
kim_20200225_10k_1.xml,kim_20200225_10k_0.xml
y_20200219_10k_0.xml,y_20200219_10k_0.xml
mmc_20200220_10k_1.xml,mmc_20200220_10k_0.xml
xrx_20200228_10k_0.xml,xrx_20200228_10k_0.xml
hp_20191115_10k_0.xml,hp_20191115_10k_1.xml
stc_20200227_10k_1.xml,stc_20200227_10k_0.xml
schw_20200226_10k_1.xml,schw_20200226_10k_0.xml
nwhm_20200214_10k_1.xml,nwhm_20200214_10k_0.xml
insp_20200225_10k_1.xml,insp_20200225_10k_0.xml
enb_20200214_10k_1.xml,enb_20200214_10k_0.xml
wdr_20200221_10k_1.xml,wdr_20200221_10k_0.xml
exr_20200225_10k_0.xml,exr_20200225_10k_1.xml
ip_20200219_10k_1.xml,ip_20200219_10k_0.xml
onto_20200225_10k_1.xml,onto_20200225_10k_1.xml
lin_20200302_10k_1.xml,lin_20200302_10k_1.xml
wrk_20191118_10k_0.xml,wrk_20191118_10k_1.xml
drh_20200228_10k_1.xml,drh_20200228_10k_0.xml
box_20200319_10k_1.xml,box_20200319_10k_1.xml
hal_20200211_10k_1.xml,hal_20200211_10k_0.xml
lbrt_20200227_10k_1.xml,lbrt_20200227_10k_0.xml
chgg_20200220_10k_1.xml,chgg_20200220_10k_1.xml
trv_20200213_10k_1.xml,trv_20200213_10k_0.xml
wpx_20200228_10k_1.xml,wpx_20200228_10k_0.xml
bby_20200323_10k_1.xml,bby_20200323_10k_1.xml
well_20200214_10k_1.xml,well_20200214_10k_0.xml
save_20200205_10k_1.xml,save_20200205_10k_0.xml
amt_20200225_10k_1.xml,amt_20200225_10k_1.xml
hpe_20191213_10k_0.xml,hpe_20191213_10k_0.xml
doc_20190228_10k_0.xml,doc_20190228_10k_1.xml
antm_20200219_10k_1.xml,antm_20200219_10k_0.xml
ayi_20191029_10k_0.xml,ayi_20191029_10k_1.xml
tru_20200218_10k_1.xml,tru_20200218_10k_0.xml
xpo_20200210_10k_1.xml,xpo_20200210_10k_0.xml
phm_20200130_10k_1.xml,phm_20200130_10k_0.xml
lxfr_20200310_10k_1.xml,lxfr_20200310_10k_1.xml
mtz_20200227_10k_1.xml,mtz_20200227_10k_0.xml
sph_20191127_10k_0.xml,sph_20191127_10k_0.xml
uvv_20190524_10k_0.xml,uvv_20190524_10k_1.xml
omc_20200211_10k_1.xml,omc_20200211_10k_0.xml
jnj_20200218_10k_1.xml,jnj_20200218_10k_1.xml
snx_20200129_10k_1.xml,snx_20200129_10k_0.xml
ihc_20200316_10k_1.xml,ihc_20200316_10k_0.xml
eght_20200519_10k_1.xml,eght_20200519_10k_0.xml
ddd_20200226_10k_0.xml,ddd_20200226_10k_0.xml
oke_20200225_10k_1.xml,oke_20200225_10k_0.xml
boh_20200302_10k_1.xml,boh_20200302_10k_0.xml
lly_20200219_10k_1.xml,lly_20200219_10k_1.xml
nbr_20200225_10k_1.xml,nbr_20200225_10k_0.xml
bro_20200224_10k_1.xml,bro_20200224_10k_0.xml
tyl_20200219_10k_1.xml,tyl_20200219_10k_1.xml
dva_20200221_10k_1.xml,dva_20200221_10k_1.xml
ns_20200227_10k_1.xml,ns_20200227_10k_0.xml
aca_20200227_10k_1.xml,aca_20200227_10k_1.xml
krg_20200220_10k_1.xml,krg_20200220_10k_0.xml
al_20200214_10k_1.xml,al_20200214_10k_0.xml
gef_20191218_10k_0.xml,gef_20191218_10k_0.xml
hcft_20200316_10k_1.xml,hcft_20200316_10k_0.xml
www_20200226_10k_1.xml,www_20200226_10k_0.xml
rcl_20200225_10k_1.xml,rcl_20200225_10k_0.xml
psxp_20200221_10k_1.xml,psxp_20200221_10k_0.xml
pins_20200207_10k_1.xml,pins_20200207_10k_0.xml
home_20200519_10k_1.xml,home_20200519_10k_1.xml
kmb_20200213_10k_1.xml,kmb_20200213_10k_1.xml
mth_20200218_10k_1.xml,mth_20200218_10k_0.xml
zts_20200213_10k_1.xml,zts_20200213_10k_1.xml
glw_20200218_10k_1.xml,glw_20200218_10k_0.xml
cns_20200228_10k_1.xml,cns_20200228_10k_0.xml
tdc_20200228_10k_1.xml,tdc_20200228_10k_1.xml
luv_20200204_10k_0.xml,luv_20200204_10k_0.xml
dk_20200228_10k_1.xml,dk_20200228_10k_0.xml
ctl_20200228_10k_1.xml,ctl_20200228_10k_0.xml
int_20200302_10k_1.xml,int_20200302_10k_0.xml
ain_20200228_10k_1.xml,ain_20200228_10k_0.xml
ui_20190821_10k_1.xml,ui_20190821_10k_1.xml
pii_20200214_10k_1.xml,pii_20200214_10k_0.xml
syk_20200206_10k_1.xml,syk_20200206_10k_0.xml
gtt_20200302_10k_1.xml,gtt_20200302_10k_0.xml
eig_20200220_10k_0.xml,eig_20200220_10k_1.xml
vrtv_20200227_10k_1.xml,vrtv_20200227_10k_0.xml
d_20200228_10k_1.xml,d_20200228_10k_1.xml
cva_20200225_10k_1.xml,cva_20200225_10k_0.xml
bku_20200228_10k_1.xml,bku_20200228_10k_0.xml
vac_20200302_10k_1.xml,vac_20200302_10k_0.xml
man_20200221_10k_1.xml,man_20200221_10k_0.xml
kbh_20200124_10k_1.xml,kbh_20200124_10k_0.xml
ver_20200226_10k_1.xml,ver_20200226_10k_0.xml
swm_20200302_10k_1.xml,swm_20200302_10k_0.xml
apo_20200221_10k_1.xml,apo_20200221_10k_0.xml
cde_20200219_10k_1.xml,cde_20200219_10k_0.xml
cma_20200211_10k_1.xml,cma_20200211_10k_0.xml
glt_20200226_10k_1.xml,glt_20200226_10k_0.xml
rev_20200312_10k_0.xml,rev_20200312_10k_0.xml
hrc_20191115_10k_0.xml,hrc_20191115_10k_1.xml
vsto_20200603_10k_1.xml,vsto_20200603_10k_1.xml
unma_20200218_10k_1.xml,unma_20200218_10k_1.xml
ivr_20200219_10k_1.xml,ivr_20200219_10k_0.xml
aa_20200221_10k_1.xml,aa_20200221_10k_0.xml
rmax_20200221_10k_1.xml,rmax_20200221_10k_0.xml
swt_20200221_10k_1.xml,swt_20200221_10k_0.xml
bb_20200407_10k_0.xml,bb_20200407_10k_1.xml
axs_20200227_10k_1.xml,axs_20200227_10k_0.xml
aee_20200228_10k_0.xml,aee_20200228_10k_1.xml
gdot_20200302_10k_1.xml,gdot_20200302_10k_0.xml
che_20200226_10k_1.xml,che_20200226_10k_1.xml
pgti_20200226_10k_1.xml,pgti_20200226_10k_0.xml
mdu_20190222_10k_1.xml,mdu_20190222_10k_0.xml
golf_20200227_10k_1.xml,golf_20200227_10k_1.xml
cvna_20200226_10k_1.xml,cvna_20200226_10k_0.xml
dbd_20200226_10k_1.xml,dbd_20200226_10k_0.xml
bdn_20200302_10k_1.xml,bdn_20200302_10k_0.xml
esrt_20200228_10k_0.xml,esrt_20200228_10k_0.xml
lea_20200204_10k_1.xml,lea_20200204_10k_0.xml
pbi_20200220_10k_1.xml,pbi_20200220_10k_0.xml
cbz_20200226_10k_1.xml,cbz_20200226_10k_0.xml
hcc_20200219_10k_1.xml,hcc_20200219_10k_0.xml
bhe_20200302_10k_1.xml,bhe_20200302_10k_0.xml
ari_20200213_10k_1.xml,ari_20200213_10k_0.xml
afl_20200221_10k_1.xml,afl_20200221_10k_0.xml
noc_20200130_10k_1.xml,noc_20200130_10k_1.xml
hd_20200325_10k_1.xml,hd_20200325_10k_1.xml
flt_20200302_10k_1.xml,flt_20200302_10k_0.xml
cpt_20200220_10k_1.xml,cpt_20200220_10k_0.xml
soja_20200220_10k_1.xml,soja_20200220_10k_1.xml
cb_20200227_10k_1.xml,cb_20200227_10k_0.xml
pack_20200317_10k_1.xml,pack_20200317_10k_0.xml
amrx_20200302_10k_1.xml,amrx_20200302_10k_0.xml
aap_20200218_10k_1.xml,aap_20200218_10k_0.xml
dlx_20190226_10k_0.xml,dlx_20190226_10k_0.xml
mco_20200224_10k_1.xml,mco_20200224_10k_1.xml
sam_20200219_10k_1.xml,sam_20200219_10k_1.xml
payc_20200213_10k_1.xml,payc_20200213_10k_0.xml
ara_20200316_10k_0.xml,ara_20200316_10k_0.xml
wbs_20190301_10k_0.xml,wbs_20190301_10k_0.xml
hsc_20200221_10k_1.xml,hsc_20200221_10k_0.xml
np_20200221_10k_1.xml,np_20200221_10k_0.xml
gpc_20200221_10k_1.xml,gpc_20200221_10k_0.xml
irm_20200213_10k_1.xml,irm_20200213_10k_0.xml
mpw_20200227_10k_1.xml,mpw_20200227_10k_0.xml
hpr_20200226_10k_1.xml,hpr_20200226_10k_0.xml
tti_20200316_10k_1.xml,tti_20200316_10k_0.xml
aig_20200221_10k_1.xml,aig_20200221_10k_0.xml
ab_20200212_10k_1.xml,ab_20200212_10k_0.xml
abbv_20200221_10k_1.xml,abbv_20200221_10k_1.xml
qtwo_20200221_10k_1.xml,qtwo_20200221_10k_0.xml
gty_20200227_10k_1.xml,gty_20200227_10k_0.xml
gpn_20200221_10k_1.xml,gpn_20200221_10k_0.xml
ice_20200206_10k_1.xml,ice_20200206_10k_1.xml
kop_20200227_10k_1.xml,kop_20200227_10k_0.xml
chwy_20200402_10k_1.xml,chwy_20200402_10k_1.xml
dtw_20200205_10k_1.xml,dtw_20200205_10k_1.xml
ups_20200220_10k_1.xml,ups_20200220_10k_1.xml
quad_20200219_10k_1.xml,quad_20200219_10k_0.xml
ladr_20200228_10k_1.xml,ladr_20200228_10k_0.xml
wre_20200219_10k_0.xml,wre_20200219_10k_0.xml
gtn_20200227_10k_1.xml,gtn_20200227_10k_0.xml
unvr_20200225_10k_1.xml,unvr_20200225_10k_0.xml
wd_20200226_10k_1.xml,wd_20200226_10k_0.xml
cna_20200211_10k_1.xml,cna_20200211_10k_0.xml
gts_20200228_10k_1.xml,gts_20200228_10k_1.xml
alb_20200226_10k_1.xml,alb_20200226_10k_0.xml
irt_20200218_10k_1.xml,irt_20200218_10k_0.xml
gnl_20200228_10k_1.xml,gnl_20200228_10k_0.xml
lb_20200330_10k_1.xml,lb_20200330_10k_0.xml
moh_20200214_10k_1.xml,moh_20200214_10k_1.xml
slb_20200122_10k_1.xml,slb_20200122_10k_0.xml
rop_20200228_10k_1.xml,rop_20200228_10k_1.xml
rbc_20200226_10k_1.xml,rbc_20200226_10k_0.xml
wmb_20200224_10k_1.xml,wmb_20200224_10k_0.xml
matx_20200228_10k_0.xml,matx_20200228_10k_1.xml
bxc_20200311_10k_1.xml,bxc_20200311_10k_1.xml
tel_20191112_10k_0.xml,tel_20191112_10k_0.xml
yeti_20200218_10k_1.xml,yeti_20200218_10k_0.xml
site_20200226_10k_1.xml,site_20200226_10k_0.xml
tap_20200212_10k_0.xml,tap_20200212_10k_0.xml
kw_20200228_10k_1.xml,kw_20200228_10k_0.xml
sun_20200221_10k_1.xml,sun_20200221_10k_0.xml
sig_20200326_10k_1.xml,sig_20200326_10k_0.xml
cnmd_20200224_10k_1.xml,cnmd_20200224_10k_0.xml
wbt_20200226_10k_1.xml,wbt_20200226_10k_0.xml
gl_20200227_10k_1.xml,gl_20200227_10k_0.xml
kra_20200227_10k_1.xml,kra_20200227_10k_0.xml
nvst_20200221_10k_1.xml,nvst_20200221_10k_0.xml
mrc_20200214_10k_1.xml,mrc_20200214_10k_0.xml
h_20200220_10k_1.xml,h_20200220_10k_0.xml
ssd_20200225_10k_1.xml,ssd_20200225_10k_0.xml
nbhc_20200226_10k_1.xml,nbhc_20200226_10k_0.xml
eat_20190822_10k_0.xml,eat_20190822_10k_1.xml
prty_20200312_10k_1.xml,prty_20200312_10k_0.xml
ppl_20200214_10k_1.xml,ppl_20200214_10k_0.xml
cr_20200225_10k_1.xml,cr_20200225_10k_0.xml
mtw_20200214_10k_1.xml,mtw_20200214_10k_0.xml
evri_20200302_10k_1.xml,evri_20200302_10k_0.xml
wex_20200228_10k_1.xml,wex_20200228_10k_0.xml
cl_20200221_10k_1.xml,cl_20200221_10k_1.xml
rnr_20200207_10k_1.xml,rnr_20200207_10k_0.xml
cslt_20200228_10k_1.xml,cslt_20200228_10k_0.xml
nue_20200228_10k_1.xml,nue_20200228_10k_0.xml
afgc_20200225_10k_1.xml,afgc_20200225_10k_0.xml
wcn_20200213_10k_1.xml,wcn_20200213_10k_0.xml
anet_20200214_10k_1.xml,anet_20200214_10k_1.xml
wab_20200224_10k_1.xml,wab_20200224_10k_0.xml
apam_20200218_10k_1.xml,apam_20200218_10k_0.xml
rwt_20200302_10k_1.xml,rwt_20200302_10k_0.xml
cxw_20200220_10k_0.xml,cxw_20200220_10k_0.xml
pol_20200219_10k_1.xml,pol_20200219_10k_0.xml
tpl_20200227_10k_1.xml,tpl_20200227_10k_0.xml
nvt_20200225_10k_1.xml,nvt_20200225_10k_0.xml
clnc_20200228_10k_1.xml,clnc_20200228_10k_0.xml
foe_20200302_10k_1.xml,foe_20200302_10k_1.xml
spce_20200228_10k_1.xml,spce_20200228_10k_0.xml
res_20200228_10k_1.xml,res_20200228_10k_0.xml
bg_20200221_10k_1.xml,bg_20200221_10k_0.xml
mplx_20200228_10k_1.xml,mplx_20200228_10k_0.xml
ste_20200529_10k_1.xml,ste_20200529_10k_0.xml
cpk_20200226_10k_0.xml,cpk_20200226_10k_1.xml
cno_20200225_10k_1.xml,cno_20200225_10k_0.xml
skt_20200219_10k_1.xml,skt_20200219_10k_0.xml
nsp_20200212_10k_1.xml,nsp_20200212_10k_0.xml
lh_20200228_10k_1.xml,lh_20200228_10k_0.xml
fun_20200221_10k_1.xml,fun_20200221_10k_0.xml
axl_20200214_10k_1.xml,axl_20200214_10k_0.xml
sxt_20200221_10k_1.xml,sxt_20200221_10k_1.xml
mck_20200522_10k_0.xml,mck_20200522_10k_0.xml
wpc_20200221_10k_1.xml,wpc_20200221_10k_0.xml
mmm_20200206_10k_1.xml,mmm_20200206_10k_1.xml
mdla_20200319_10k_1.xml,mdla_20200319_10k_0.xml
cvia_20200316_10k_0.xml,cvia_20200316_10k_0.xml
rexr_20200219_10k_1.xml,rexr_20200219_10k_1.xml
mtrn_20200213_10k_1.xml,mtrn_20200213_10k_0.xml
ois_20200221_10k_1.xml,ois_20200221_10k_0.xml
cf_20200224_10k_1.xml,cf_20200224_10k_0.xml
mov_20200326_10k_0.xml,mov_20200326_10k_1.xml
txt_20200225_10k_1.xml,txt_20200225_10k_0.xml
ahh_20200225_10k_0.xml,ahh_20200225_10k_0.xml
tcp_20200220_10k_1.xml,tcp_20200220_10k_0.xml
trwh_20200313_10k_1.xml,trwh_20200313_10k_0.xml
nrg_20200227_10k_1.xml,nrg_20200227_10k_0.xml
fnf_20200214_10k_1.xml,fnf_20200214_10k_0.xml
dtq_20200205_10k_1.xml,dtq_20200205_10k_1.xml
crl_20200211_10k_1.xml,crl_20200211_10k_0.xml
stz_20200421_10k_1.xml,stz_20200421_10k_1.xml
rol_20200228_10k_1.xml,rol_20200228_10k_1.xml
mxl_20200205_10k_1.xml,mxl_20200205_10k_0.xml
cnk_20200221_10k_1.xml,cnk_20200221_10k_0.xml
afgh_20200225_10k_1.xml,afgh_20200225_10k_1.xml
tol_20191226_10k_0.xml,tol_20191226_10k_0.xml
hon_20200214_10k_1.xml,hon_20200214_10k_0.xml
unp_20200207_10k_1.xml,unp_20200207_10k_0.xml
ktb_20200311_10k_0.xml,ktb_20200311_10k_0.xml
rgr_20200220_10k_1.xml,rgr_20200220_10k_1.xml
wec_20200227_10k_1.xml,wec_20200227_10k_1.xml
ava_20200226_10k_0.xml,ava_20200226_10k_1.xml
abg_20200302_10k_1.xml,abg_20200302_10k_0.xml
uhs_20200226_10k_0.xml,uhs_20200226_10k_0.xml
mtg_20200224_10k_1.xml,mtg_20200224_10k_0.xml
plow_20200225_10k_0.xml,plow_20200225_10k_0.xml
ivc_20200309_10k_0.xml,ivc_20200309_10k_1.xml
stag_20200212_10k_1.xml,stag_20200212_10k_0.xml
so_20200220_10k_0.xml,so_20200220_10k_1.xml
t_20200220_10k_1.xml,t_20200220_10k_1.xml
dd_20200214_10k_1.xml,dd_20200214_10k_0.xml
xan_20200310_10k_0.xml,xan_20200310_10k_0.xml
sem_20200220_10k_0.xml,sem_20200220_10k_0.xml
msci_20200218_10k_1.xml,msci_20200218_10k_1.xml
hlf_20200218_10k_1.xml,hlf_20200218_10k_0.xml
usac_20200218_10k_1.xml,usac_20200218_10k_0.xml
b_20200225_10k_0.xml,b_20200225_10k_0.xml
pag_20200221_10k_1.xml,pag_20200221_10k_0.xml
ajg_20200207_10k_1.xml,ajg_20200207_10k_1.xml
cnx_20200210_10k_1.xml,cnx_20200210_10k_1.xml
gnc_20200325_10k_1.xml,gnc_20200325_10k_1.xml
gnw_20200227_10k_0.xml,gnw_20200227_10k_1.xml
neu_20200218_10k_1.xml,neu_20200218_10k_1.xml
ctb_20200224_10k_1.xml,ctb_20200224_10k_0.xml
epr_20200225_10k_1.xml,epr_20200225_10k_0.xml
aizp_20200219_10k_0.xml,aizp_20200219_10k_1.xml
jwn_20200320_10k_1.xml,jwn_20200320_10k_0.xml
nptn_20200228_10k_1.xml,nptn_20200228_10k_1.xml
hbi_20200211_10k_1.xml,hbi_20200211_10k_0.xml
estc_20200626_10k_1.xml,estc_20200626_10k_0.xml
syy_20190826_10k_1.xml,syy_20190826_10k_1.xml
uvv_20200528_10k_0.xml,uvv_20200528_10k_0.xml
itt_20200221_10k_1.xml,itt_20200221_10k_0.xml
stl_20200228_10k_1.xml,stl_20200228_10k_0.xml
kbr_20200224_10k_1.xml,kbr_20200224_10k_0.xml
gddy_20200221_10k_1.xml,gddy_20200221_10k_0.xml
r_20200227_10k_1.xml,r_20200227_10k_0.xml
hubb_20200214_10k_1.xml,hubb_20200214_10k_0.xml
rs_20200227_10k_1.xml,rs_20200227_10k_0.xml
lsi_20200225_10k_1.xml,lsi_20200225_10k_0.xml
tgi_20200528_10k_1.xml,tgi_20200528_10k_1.xml
pnr_20200225_10k_1.xml,pnr_20200225_10k_0.xml
thr_20200601_10k_1.xml,thr_20200601_10k_1.xml
j_20191125_10k_0.xml,j_20191125_10k_0.xml
lnc_20200220_10k_1.xml,lnc_20200220_10k_0.xml
bxg_20200312_10k_0.xml,bxg_20200312_10k_0.xml
wbc_20200221_10k_1.xml,wbc_20200221_10k_1.xml
invh_20200219_10k_1.xml,invh_20200219_10k_0.xml
tif_20200320_10k_0.xml,tif_20200320_10k_0.xml
yum_20200220_10k_1.xml,yum_20200220_10k_0.xml
cnc_20200218_10k_1.xml,cnc_20200218_10k_1.xml
mtdr_20200302_10k_1.xml,mtdr_20200302_10k_0.xml
md_20200220_10k_1.xml,md_20200220_10k_0.xml
ma_20200214_10k_1.xml,ma_20200214_10k_0.xml
scco_20200228_10k_1.xml,scco_20200228_10k_0.xml
hfc_20200220_10k_1.xml,hfc_20200220_10k_0.xml
uber_20200302_10k_1.xml,uber_20200302_10k_0.xml
talo_20200312_10k_1.xml,talo_20200312_10k_0.xml
dgx_20200220_10k_1.xml,dgx_20200220_10k_0.xml
ash_20191125_10k_0.xml,ash_20191125_10k_1.xml
sjw_20200302_10k_1.xml,sjw_20200302_10k_1.xml
ngvt_20200226_10k_1.xml,ngvt_20200226_10k_0.xml
bki_20200228_10k_1.xml,bki_20200228_10k_0.xml
dfin_20200226_10k_1.xml,dfin_20200226_10k_0.xml
nfg_20191115_10k_0.xml,nfg_20191115_10k_0.xml
newr_20200515_10k_1.xml,newr_20200515_10k_0.xml
sre_20200227_10k_1.xml,sre_20200227_10k_0.xml
swi_20200224_10k_1.xml,swi_20200224_10k_1.xml
ci_20200227_10k_1.xml,ci_20200227_10k_1.xml
oln_20200225_10k_1.xml,oln_20200225_10k_0.xml
aes_20190227_10k_0.xml,aes_20190227_10k_1.xml
dxc_20200601_10k_0.xml,dxc_20200601_10k_1.xml
mur_20200227_10k_1.xml,mur_20200227_10k_0.xml
elat_20200228_10k_0.xml,elat_20200228_10k_0.xml
chk_20200227_10k_0.xml,chk_20200227_10k_0.xml
seas_20200227_10k_1.xml,seas_20200227_10k_0.xml
exp_20200522_10k_1.xml,exp_20200522_10k_1.xml
cfx_20200224_10k_1.xml,cfx_20200224_10k_0.xml
ingr_20200219_10k_1.xml,ingr_20200219_10k_0.xml
cmg_20200205_10k_1.xml,cmg_20200205_10k_0.xml
dlx_20200221_10k_0.xml,dlx_20200221_10k_0.xml
jci_20191121_10k_0.xml,jci_20191121_10k_0.xml
alex_20200227_10k_1.xml,alex_20200227_10k_0.xml
hhc_20200227_10k_1.xml,hhc_20200227_10k_0.xml
nls_20200226_10k_1.xml,nls_20200226_10k_1.xml
axp_20200213_10k_1.xml,axp_20200213_10k_0.xml
ese_20191129_10k_0.xml,ese_20191129_10k_0.xml
elan_20200228_10k_0.xml,elan_20200228_10k_0.xml
usb_20200220_10k_1.xml,usb_20200220_10k_0.xml
cldr_20200327_10k_1.xml,cldr_20200327_10k_0.xml
ste_20190530_10k_0.xml,ste_20190530_10k_1.xml
ge_20200224_10k_0.xml,ge_20200224_10k_0.xml
extn_20200228_10k_1.xml,extn_20200228_10k_1.xml
fsly_20200304_10k_1.xml,fsly_20200304_10k_1.xml
hth_20200227_10k_1.xml,hth_20200227_10k_0.xml
fg_20200302_10k_0.xml,fg_20200302_10k_0.xml
mas_20200211_10k_1.xml,mas_20200211_10k_0.xml
jbgs_20200225_10k_0.xml,jbgs_20200225_10k_0.xml
uaa_20200226_10k_1.xml,uaa_20200226_10k_0.xml
maxr_20200302_10k_1.xml,maxr_20200302_10k_0.xml
clb_20200210_10k_1.xml,clb_20200210_10k_0.xml
ess_20200220_10k_1.xml,ess_20200220_10k_0.xml
sd_20200227_10k_1.xml,sd_20200227_10k_0.xml
flow_20200218_10k_1.xml,flow_20200218_10k_0.xml
phm_20190131_10k_1.xml,phm_20190131_10k_0.xml
enlc_20200226_10k_1.xml,enlc_20200226_10k_0.xml
qep_20200226_10k_1.xml,qep_20200226_10k_0.xml
tdoc_20200226_10k_1.xml,tdoc_20200226_10k_1.xml
parr_20200302_10k_1.xml,parr_20200302_10k_0.xml
pqg_20200227_10k_1.xml,pqg_20200227_10k_0.xml
sstk_20200213_10k_1.xml,sstk_20200213_10k_1.xml
itgr_20200220_10k_1.xml,itgr_20200220_10k_0.xml
slca_20200225_10k_1.xml,slca_20200225_10k_0.xml
itw_20200214_10k_1.xml,itw_20200214_10k_0.xml
pei_20200316_10k_1.xml,pei_20200316_10k_0.xml
olp_20200316_10k_1.xml,olp_20200316_10k_0.xml
work_20200312_10k_1.xml,work_20200312_10k_1.xml
sojd_20200220_10k_1.xml,sojd_20200220_10k_1.xml
snr_20190226_10k_1.xml,snr_20190226_10k_1.xml
tse_20200228_10k_1.xml,tse_20200228_10k_0.xml
sah_20190221_10k_1.xml,sah_20190221_10k_0.xml
prs_20200214_10k_1.xml,prs_20200214_10k_1.xml
mnk_20200226_10k_1.xml,mnk_20200226_10k_0.xml
ph_20190823_10k_1.xml,ph_20190823_10k_1.xml
knl_20200221_10k_1.xml,knl_20200221_10k_0.xml
he_20200228_10k_0.xml,he_20200228_10k_1.xml
fcpt_20200227_10k_1.xml,fcpt_20200227_10k_0.xml
orcl_20200622_10k_1.xml,orcl_20200622_10k_1.xml
swk_20200221_10k_1.xml,swk_20200221_10k_0.xml
npo_20200311_10k_1.xml,npo_20200311_10k_0.xml
all_20200221_10k_1.xml,all_20200221_10k_0.xml
cry_20200219_10k_1.xml,cry_20200219_10k_0.xml
syf_20200213_10k_1.xml,syf_20200213_10k_0.xml
clgx_20200227_10k_1.xml,clgx_20200227_10k_0.xml
wlk_20200219_10k_1.xml,wlk_20200219_10k_0.xml
xom_20200226_10k_1.xml,xom_20200226_10k_0.xml
oxy_20200228_10k_1.xml,oxy_20200228_10k_0.xml
cmi_20200211_10k_1.xml,cmi_20200211_10k_1.xml
plnt_20200228_10k_1.xml,plnt_20200228_10k_0.xml
wwe_20200207_10k_1.xml,wwe_20200207_10k_0.xml
sah_20200221_10k_1.xml,sah_20200221_10k_0.xml
rlh_20200227_10k_1.xml,rlh_20200227_10k_0.xml
trox_20200316_10k_1.xml,trox_20200316_10k_1.xml
cmsd_20200206_10k_1.xml,cmsd_20200206_10k_1.xml
wtm_20200302_10k_0.xml,wtm_20200302_10k_1.xml
dri_20190719_10k_0.xml,dri_20190719_10k_0.xml
si_20200310_10k_1.xml,si_20200310_10k_0.xml
es_20200227_10k_1.xml,es_20200227_10k_1.xml
jef_20200129_10k_1.xml,jef_20200129_10k_0.xml
bpmp_20200227_10k_1.xml,bpmp_20200227_10k_0.xml
alv_20200221_10k_1.xml,alv_20200221_10k_0.xml
ev_20191220_10k_0.xml,ev_20191220_10k_0.xml
ovv_20200221_10k_1.xml,ovv_20200221_10k_0.xml
wms_20200601_10k_0.xml,wms_20200601_10k_1.xml
asix_20200221_10k_1.xml,asix_20200221_10k_0.xml
bsx_20200225_10k_1.xml,bsx_20200225_10k_0.xml
brx_20200210_10k_1.xml,brx_20200210_10k_0.xml
gmed_20200220_10k_1.xml,gmed_20200220_10k_0.xml
ramp_20200526_10k_1.xml,ramp_20200526_10k_0.xml
acel_20200316_10k_1.xml,acel_20200316_10k_0.xml
ccl_20200128_10k_1.xml,ccl_20200128_10k_0.xml
kwr_20200320_10k_1.xml,kwr_20200320_10k_0.xml
dlph_20200213_10k_1.xml,dlph_20200213_10k_0.xml
awr_20200224_10k_0.xml,awr_20200224_10k_1.xml
avlr_20200228_10k_1.xml,avlr_20200228_10k_1.xml
ping_20200304_10k_1.xml,ping_20200304_10k_1.xml
info_20200117_10k_1.xml,info_20200117_10k_0.xml
pra_20200220_10k_0.xml,pra_20200220_10k_0.xml
ctlt_20190827_10k_1.xml,ctlt_20190827_10k_0.xml
vvv_20191122_10k_0.xml,vvv_20191122_10k_0.xml
hzo_20191203_10k_0.xml,hzo_20191203_10k_0.xml
usm_20200225_10k_1.xml,usm_20200225_10k_1.xml
m_20200330_10k_1.xml,m_20200330_10k_0.xml
hpp_20200224_10k_1.xml,hpp_20200224_10k_0.xml
tfx_20200221_10k_1.xml,tfx_20200221_10k_0.xml
oii_20200227_10k_1.xml,oii_20200227_10k_0.xml
hmn_20200302_10k_1.xml,hmn_20200302_10k_1.xml
peb_20200220_10k_1.xml,peb_20200220_10k_0.xml
apd_20191126_10k_0.xml,apd_20191126_10k_0.xml
bery_20191122_10k_0.xml,bery_20191122_10k_1.xml
wu_20200220_10k_1.xml,wu_20200220_10k_0.xml
hun_20200213_10k_1.xml,hun_20200213_10k_0.xml
cube_20200221_10k_1.xml,cube_20200221_10k_0.xml
egp_20200213_10k_1.xml,egp_20200213_10k_0.xml
bkr_20200213_10k_1.xml,bkr_20200213_10k_0.xml
hgh_20200221_10k_1.xml,hgh_20200221_10k_0.xml
xyl_20200228_10k_1.xml,xyl_20200228_10k_0.xml
ua_20200226_10k_1.xml,ua_20200226_10k_0.xml
vgr_20200302_10k_1.xml,vgr_20200302_10k_0.xml
pkg_20200226_10k_1.xml,pkg_20200226_10k_1.xml
lmt_20200207_10k_1.xml,lmt_20200207_10k_1.xml
cabo_20200228_10k_1.xml,cabo_20200228_10k_1.xml
agm_20200225_10k_1.xml,agm_20200225_10k_0.xml
tco_20200227_10k_0.xml,tco_20200227_10k_0.xml
ogs_20200220_10k_0.xml,ogs_20200220_10k_1.xml
ens_20190529_10k_0.xml,ens_20190529_10k_1.xml
mlm_20200221_10k_1.xml,mlm_20200221_10k_0.xml
wttr_20200225_10k_1.xml,wttr_20200225_10k_0.xml
tdg_20191119_10k_0.xml,tdg_20191119_10k_1.xml
nlsn_20200227_10k_1.xml,nlsn_20200227_10k_0.xml
stt_20200220_10k_1.xml,stt_20200220_10k_0.xml
nsa_20200226_10k_0.xml,nsa_20200226_10k_0.xml
ajx_20200304_10k_1.xml,ajx_20200304_10k_0.xml
afi_20200310_10k_1.xml,afi_20200310_10k_1.xml
tdy_20200224_10k_1.xml,tdy_20200224_10k_0.xml
iff_20200303_10k_1.xml,iff_20200303_10k_1.xml
epam_20200302_10k_1.xml,epam_20200302_10k_0.xml
twlo_20200302_10k_1.xml,twlo_20200302_10k_1.xml
dcp_20200221_10k_1.xml,dcp_20200221_10k_0.xml
vsh_20200214_10k_1.xml,vsh_20200214_10k_0.xml
ayx_20200214_10k_1.xml,ayx_20200214_10k_0.xml
see_20200302_10k_1.xml,see_20200302_10k_0.xml
bld_20200225_10k_1.xml,bld_20200225_10k_0.xml
vcra_20200226_10k_0.xml,vcra_20200226_10k_0.xml
gmta_20200219_10k_1.xml,gmta_20200219_10k_1.xml
rrc_20200227_10k_1.xml,rrc_20200227_10k_0.xml
kdp_20200227_10k_1.xml,kdp_20200227_10k_0.xml
knx_20200227_10k_1.xml,knx_20200227_10k_1.xml
nclh_20200227_10k_1.xml,nclh_20200227_10k_0.xml
evr_20200225_10k_1.xml,evr_20200225_10k_0.xml
amp_20200226_10k_1.xml,amp_20200226_10k_0.xml
bco_20200228_10k_0.xml,bco_20200228_10k_0.xml
ugi_20191126_10k_0.xml,ugi_20191126_10k_0.xml
trno_20200206_10k_1.xml,trno_20200206_10k_1.xml
hni_20200225_10k_1.xml,hni_20200225_10k_0.xml
njr_20191122_10k_0.xml,njr_20191122_10k_1.xml
hum_20200220_10k_1.xml,hum_20200220_10k_1.xml
omi_20200304_10k_0.xml,omi_20200304_10k_1.xml
axta_20200219_10k_1.xml,axta_20200219_10k_0.xml
chct_20200225_10k_1.xml,chct_20200225_10k_0.xml
chh_20200302_10k_1.xml,chh_20200302_10k_0.xml
bhlb_20200228_10k_0.xml,bhlb_20200228_10k_0.xml
mpx_20200228_10k_1.xml,mpx_20200228_10k_0.xml
cmc_20191023_10k_0.xml,cmc_20191023_10k_1.xml
gww_20200220_10k_1.xml,gww_20200220_10k_1.xml
prlb_20200226_10k_1.xml,prlb_20200226_10k_0.xml
yext_20200320_10k_1.xml,yext_20200320_10k_0.xml
ato_20191112_10k_0.xml,ato_20191112_10k_0.xml
cit_20200220_10k_1.xml,cit_20200220_10k_0.xml
prgo_20200227_10k_1.xml,prgo_20200227_10k_1.xml
din_20200224_10k_1.xml,din_20200224_10k_0.xml
mgy_20200226_10k_1.xml,mgy_20200226_10k_0.xml
wbs_20200228_10k_1.xml,wbs_20200228_10k_0.xml
atr_20200224_10k_1.xml,atr_20200224_10k_1.xml
dov_20200214_10k_1.xml,dov_20200214_10k_0.xml
dte_20200205_10k_1.xml,dte_20200205_10k_0.xml
acco_20200227_10k_1.xml,acco_20200227_10k_0.xml
slg_20200228_10k_1.xml,slg_20200228_10k_0.xml
faf_20200218_10k_1.xml,faf_20200218_10k_0.xml
amh_20200228_10k_1.xml,amh_20200228_10k_1.xml
ora_20200302_10k_0.xml,ora_20200302_10k_1.xml
hli_20200515_10k_1.xml,hli_20200515_10k_0.xml
cat_20200219_10k_1.xml,cat_20200219_10k_1.xml
nx_20191212_10k_0.xml,nx_20191212_10k_0.xml
ldos_20200218_10k_1.xml,ldos_20200218_10k_0.xml
nycb_20200228_10k_1.xml,nycb_20200228_10k_0.xml
pipr_20200228_10k_1.xml,pipr_20200228_10k_0.xml
bhc_20200219_10k_1.xml,bhc_20200219_10k_0.xml
dei_20200214_10k_1.xml,dei_20200214_10k_0.xml
efc_20200313_10k_1.xml,efc_20200313_10k_0.xml
tex_20200214_10k_1.xml,tex_20200214_10k_0.xml
peak_20200213_10k_1.xml,peak_20200213_10k_0.xml
pfs_20200302_10k_1.xml,pfs_20200302_10k_0.xml
hil_20200326_10k_1.xml,hil_20200326_10k_0.xml
hsy_20200220_10k_0.xml,hsy_20200220_10k_1.xml
saic_20200327_10k_1.xml,saic_20200327_10k_0.xml
eog_20200227_10k_1.xml,eog_20200227_10k_0.xml
tsq_20190312_10k_0.xml,tsq_20190312_10k_1.xml
shw_20200221_10k_1.xml,shw_20200221_10k_1.xml
cwt_20200227_10k_0.xml,cwt_20200227_10k_1.xml
nvro_20200225_10k_1.xml,nvro_20200225_10k_0.xml
rjf_20191126_10k_0.xml,rjf_20191126_10k_0.xml
dal_20200213_10k_0.xml,dal_20200213_10k_0.xml
cato_20200327_10k_0.xml,cato_20200327_10k_0.xml
bk_20200227_10k_1.xml,bk_20200227_10k_0.xml
kos_20200225_10k_1.xml,kos_20200225_10k_0.xml
armk_20191126_10k_0.xml,armk_20191126_10k_0.xml
rpai_20200219_10k_1.xml,rpai_20200219_10k_0.xml
whr_20200211_10k_1.xml,whr_20200211_10k_0.xml
rhi_20200214_10k_1.xml,rhi_20200214_10k_0.xml
nee_20200214_10k_1.xml,nee_20200214_10k_1.xml
bio_20190401_10k_1.xml,bio_20190401_10k_0.xml
oc_20200219_10k_1.xml,oc_20200219_10k_0.xml
bll_20200219_10k_1.xml,bll_20200219_10k_1.xml
pjt_20200227_10k_1.xml,pjt_20200227_10k_1.xml
cpf_20200225_10k_1.xml,cpf_20200225_10k_0.xml
arw_20190207_10k_0.xml,arw_20190207_10k_0.xml
cnp_20200227_10k_1.xml,cnp_20200227_10k_0.xml
utl_20200130_10k_0.xml,utl_20200130_10k_1.xml
tt_20200218_10k_1.xml,tt_20200218_10k_0.xml
ghl_20200302_10k_1.xml,ghl_20200302_10k_0.xml
nem_20200220_10k_1.xml,nem_20200220_10k_1.xml
mbi_20200227_10k_1.xml,mbi_20200227_10k_1.xml
cbre_20200302_10k_1.xml,cbre_20200302_10k_0.xml
grub_20200228_10k_1.xml,grub_20200228_10k_0.xml
pe_20200221_10k_1.xml,pe_20200221_10k_0.xml
rog_20200221_10k_1.xml,rog_20200221_10k_1.xml
mdt_20190621_10k_1.xml,mdt_20190621_10k_0.xml
tkr_20200214_10k_1.xml,tkr_20200214_10k_0.xml
enva_20200227_10k_1.xml,enva_20200227_10k_0.xml
pfe_20200227_10k_1.xml,pfe_20200227_10k_1.xml
gci_20200302_10k_0.xml,gci_20200302_10k_0.xml
burl_20200313_10k_1.xml,burl_20200313_10k_0.xml
mhk_20200228_10k_1.xml,mhk_20200228_10k_0.xml
psa_20200225_10k_0.xml,psa_20200225_10k_1.xml
pbh_20200508_10k_0.xml,pbh_20200508_10k_0.xml
wnc_20200225_10k_1.xml,wnc_20200225_10k_0.xml
dcue_20200228_10k_1.xml,dcue_20200228_10k_1.xml
pnm_20200302_10k_1.xml,pnm_20200302_10k_0.xml
eqm_20200227_10k_1.xml,eqm_20200227_10k_0.xml
sbh_20191125_10k_0.xml,sbh_20191125_10k_0.xml
avns_20200225_10k_1.xml,avns_20200225_10k_0.xml
w_20200228_10k_1.xml,w_20200228_10k_0.xml
ee_20200227_10k_0.xml,ee_20200227_10k_1.xml
vmw_20200326_10k_1.xml,vmw_20200326_10k_0.xml
nex_20200312_10k_1.xml,nex_20200312_10k_0.xml
enba_20200214_10k_1.xml,enba_20200214_10k_0.xml
rga_20200227_10k_0.xml,rga_20200227_10k_0.xml
ame_20200220_10k_1.xml,ame_20200220_10k_0.xml
cck_20200228_10k_1.xml,cck_20200228_10k_0.xml
smlp_20200309_10k_1.xml,smlp_20200309_10k_0.xml
emn_20200226_10k_1.xml,emn_20200226_10k_0.xml
mac_20200225_10k_1.xml,mac_20200225_10k_0.xml
ges_20200401_10k_1.xml,ges_20200401_10k_1.xml
bgsf_20200312_10k_1.xml,bgsf_20200312_10k_0.xml
aan_20200220_10k_1.xml,aan_20200220_10k_0.xml
bwxt_20200224_10k_1.xml,bwxt_20200224_10k_0.xml
alsn_20200227_10k_1.xml,alsn_20200227_10k_0.xml
fl_20200327_10k_1.xml,fl_20200327_10k_0.xml
lpi_20200213_10k_1.xml,lpi_20200213_10k_0.xml
v_20191114_10k_0.xml,v_20191114_10k_1.xml
bdx_20191127_10k_0.xml,bdx_20191127_10k_1.xml
evtc_20200227_10k_1.xml,evtc_20200227_10k_0.xml
cfr_20200204_10k_1.xml,cfr_20200204_10k_0.xml
cvi_20200220_10k_1.xml,cvi_20200220_10k_0.xml
lyb_20200220_10k_1.xml,lyb_20200220_10k_0.xml
nvr_20200219_10k_1.xml,nvr_20200219_10k_0.xml
ares_20200228_10k_1.xml,ares_20200228_10k_1.xml
tjx_20200327_10k_1.xml,tjx_20200327_10k_0.xml
gpja_20200220_10k_1.xml,gpja_20200220_10k_1.xml
prh_20200214_10k_1.xml,prh_20200214_10k_1.xml
hta_20200218_10k_1.xml,hta_20200218_10k_0.xml
veev_20200330_10k_1.xml,veev_20200330_10k_0.xml
arw_20200213_10k_1.xml,arw_20200213_10k_0.xml
coo_20191220_10k_0.xml,coo_20191220_10k_1.xml
jnpr_20200220_10k_1.xml,jnpr_20200220_10k_1.xml
smp_20200220_10k_0.xml,smp_20200220_10k_1.xml
ccs_20200207_10k_1.xml,ccs_20200207_10k_0.xml
doc_20200227_10k_1.xml,doc_20200227_10k_0.xml
abm_20191220_10k_0.xml,abm_20191220_10k_0.xml
hii_20200213_10k_0.xml,hii_20200213_10k_0.xml
hri_20200227_10k_1.xml,hri_20200227_10k_0.xml
shlx_20200220_10k_1.xml,shlx_20200220_10k_0.xml
adm_20200218_10k_1.xml,adm_20200218_10k_1.xml
g_20200302_10k_1.xml,g_20200302_10k_0.xml
ael_20200225_10k_1.xml,ael_20200225_10k_0.xml
gpk_20200211_10k_1.xml,gpk_20200211_10k_0.xml
cts_20200220_10k_0.xml,cts_20200220_10k_1.xml
srg_20200302_10k_1.xml,srg_20200302_10k_0.xml
mdc_20200130_10k_1.xml,mdc_20200130_10k_0.xml
pk_20200227_10k_1.xml,pk_20200227_10k_0.xml
clx_20190814_10k_1.xml,clx_20190814_10k_0.xml
mho_20200221_10k_1.xml,mho_20200221_10k_0.xml
wtrg_20200228_10k_1.xml,wtrg_20200228_10k_1.xml
twtr_20200219_10k_1.xml,twtr_20200219_10k_0.xml
els_20200224_10k_1.xml,els_20200224_10k_0.xml
chs_20200316_10k_1.xml,chs_20200316_10k_0.xml
dx_20200225_10k_1.xml,dx_20200225_10k_0.xml
snv_20200302_10k_1.xml,snv_20200302_10k_0.xml
htz_20200225_10k_0.xml,htz_20200225_10k_0.xml
uve_20200302_10k_0.xml,uve_20200302_10k_0.xml
lcii_20200227_10k_1.xml,lcii_20200227_10k_0.xml
ryi_20200304_10k_1.xml,ryi_20200304_10k_0.xml
avy_20200226_10k_1.xml,avy_20200226_10k_1.xml
de_20191219_10k_0.xml,de_20191219_10k_1.xml
aeo_20200312_10k_1.xml,aeo_20200312_10k_0.xml
cvs_20200218_10k_1.xml,cvs_20200218_10k_1.xml
serv_20200228_10k_1.xml,serv_20200228_10k_0.xml
kref_20190220_10k_1.xml,kref_20190220_10k_0.xml
dukh_20200220_10k_1.xml,dukh_20200220_10k_1.xml
emr_20191118_10k_0.xml,emr_20191118_10k_1.xml
kn_20200212_10k_1.xml,kn_20200212_10k_1.xml
mpc_20200228_10k_1.xml,mpc_20200228_10k_0.xml
var_20191125_10k_0.xml,var_20191125_10k_1.xml
aph_20200212_10k_1.xml,aph_20200212_10k_0.xml
geo_20200226_10k_1.xml,geo_20200226_10k_0.xml
mos_20200220_10k_1.xml,mos_20200220_10k_0.xml
brt_20200515_10k_1.xml,brt_20200515_10k_1.xml
srt_20200312_10k_1.xml,srt_20200312_10k_0.xml
len_20190128_10k_0.xml,len_20190128_10k_1.xml
zbh_20200221_10k_1.xml,zbh_20200221_10k_0.xml
dea_20200225_10k_0.xml,dea_20200225_10k_1.xml
hrb_20200617_10k_0.xml,hrb_20200617_10k_0.xml
sm_20200220_10k_1.xml,sm_20200220_10k_0.xml
cps_20200226_10k_1.xml,cps_20200226_10k_0.xml
cwh_20200228_10k_1.xml,cwh_20200228_10k_0.xml
myov_20200518_10k_0.xml,myov_20200518_10k_1.xml
itt_20190222_10k_1.xml,itt_20190222_10k_0.xml
mgp_20200227_10k_1.xml,mgp_20200227_10k_0.xml
abc_20191119_10k_1.xml,abc_20191119_10k_0.xml
pmt_20200221_10k_1.xml,pmt_20200221_10k_0.xml
hlx_20200227_10k_1.xml,hlx_20200227_10k_0.xml
wm_20200213_10k_1.xml,wm_20200213_10k_0.xml
hst_20200225_10k_0.xml,hst_20200225_10k_0.xml
enbl_20200219_10k_1.xml,enbl_20200219_10k_0.xml
ftk_20200306_10k_1.xml,ftk_20200306_10k_0.xml
safe_20200213_10k_0.xml,safe_20200213_10k_1.xml
pki_20200225_10k_1.xml,pki_20200225_10k_1.xml
fcx_20200214_10k_1.xml,fcx_20200214_10k_0.xml
pgr_20200302_10k_1.xml,pgr_20200302_10k_1.xml
tdw_20200302_10k_0.xml,tdw_20200302_10k_0.xml
ffg_20200226_10k_0.xml,ffg_20200226_10k_1.xml
ngs_20190318_10k_0.xml,ngs_20190318_10k_0.xml
mdt_20200619_10k_1.xml,mdt_20200619_10k_0.xml
uis_20200228_10k_0.xml,uis_20200228_10k_0.xml
argd_20200228_10k_1.xml,argd_20200228_10k_0.xml
spgi_20200210_10k_1.xml,spgi_20200210_10k_1.xml
hal_20190213_10k_0.xml,hal_20190213_10k_0.xml
cgc_20200601_10k_1.xml,cgc_20200601_10k_0.xml
key_20200226_10k_1.xml,key_20200226_10k_0.xml
env_20200228_10k_1.xml,env_20200228_10k_0.xml
dnow_20200219_10k_1.xml,dnow_20200219_10k_0.xml
osk_20191119_10k_0.xml,osk_20191119_10k_1.xml
gwb_20191127_10k_0.xml,gwb_20191127_10k_0.xml
cuz_20200205_10k_1.xml,cuz_20200205_10k_0.xml
vmi_20200226_10k_1.xml,vmi_20200226_10k_1.xml
mro_20200220_10k_1.xml,mro_20200220_10k_0.xml
gatx_20200219_10k_0.xml,gatx_20200219_10k_1.xml
hca_20200220_10k_1.xml,hca_20200220_10k_0.xml
now_20190227_10k_1.xml,now_20190227_10k_1.xml
ne_20200220_10k_1.xml,ne_20200220_10k_0.xml
nly_20200214_10k_1.xml,nly_20200214_10k_0.xml
boot_20200522_10k_0.xml,boot_20200522_10k_1.xml
rba_20200227_10k_1.xml,rba_20200227_10k_0.xml
spn_20200228_10k_0.xml,spn_20200228_10k_0.xml
wal_20200302_10k_1.xml,wal_20200302_10k_0.xml
bsig_20200302_10k_1.xml,bsig_20200302_10k_0.xml
bmy_20200224_10k_1.xml,bmy_20200224_10k_1.xml
ago_20200228_10k_0.xml,ago_20200228_10k_0.xml
cwk_20200228_10k_1.xml,cwk_20200228_10k_0.xml
hmn_20190301_10k_1.xml,hmn_20190301_10k_0.xml
k_20200224_10k_1.xml,k_20200224_10k_1.xml
apa_20200228_10k_1.xml,apa_20200228_10k_0.xml
nyt_20200227_10k_1.xml,nyt_20200227_10k_0.xml
tpre_20200228_10k_1.xml,tpre_20200228_10k_0.xml
cbu_20200302_10k_0.xml,cbu_20200302_10k_1.xml
pm_20200207_10k_0.xml,pm_20200207_10k_1.xml
mmp_20200218_10k_1.xml,mmp_20200218_10k_0.xml
kmpr_20200214_10k_0.xml,kmpr_20200214_10k_1.xml
dell_20200327_10k_1.xml,dell_20200327_10k_0.xml
sky_20200521_10k_0.xml,sky_20200521_10k_0.xml
fhi_20200221_10k_1.xml,fhi_20200221_10k_0.xml
wmc_20200306_10k_1.xml,wmc_20200306_10k_0.xml
med_20200302_10k_1.xml,med_20200302_10k_0.xml
fph_20190314_10k_1.xml,fph_20190314_10k_0.xml
mtb_20200220_10k_1.xml,mtb_20200220_10k_0.xml
thg_20200224_10k_1.xml,thg_20200224_10k_0.xml
vntr_20200312_10k_1.xml,vntr_20200312_10k_0.xml
ten_20200302_10k_1.xml,ten_20200302_10k_0.xml
vrs_20200302_10k_1.xml,vrs_20200302_10k_0.xml
mc_20200227_10k_1.xml,mc_20200227_10k_1.xml
alg_20200228_10k_1.xml,alg_20200228_10k_0.xml
rubi_20200227_10k_1.xml,rubi_20200227_10k_0.xml
prmw_20200226_10k_1.xml,prmw_20200226_10k_0.xml
tup_20200312_10k_1.xml,tup_20200312_10k_0.xml
an_20200218_10k_1.xml,an_20200218_10k_0.xml
pvh_20200401_10k_0.xml,pvh_20200401_10k_1.xml
fdp_20200220_10k_0.xml,fdp_20200220_10k_1.xml
aiv_20200224_10k_1.xml,aiv_20200224_10k_0.xml
bax_20200317_10k_1.xml,bax_20200317_10k_0.xml
mli_20200226_10k_1.xml,mli_20200226_10k_0.xml
hei_20191219_10k_0.xml,hei_20191219_10k_0.xml
ens_20200601_10k_0.xml,ens_20200601_10k_0.xml
cbl_20200309_10k_1.xml,cbl_20200309_10k_0.xml
cc_20190215_10k_0.xml,cc_20190215_10k_0.xml
krc_20200213_10k_0.xml,krc_20200213_10k_0.xml
mkc_20200128_10k_1.xml,mkc_20200128_10k_1.xml
tds_20200225_10k_1.xml,tds_20200225_10k_0.xml
uan_20200220_10k_0.xml,uan_20200220_10k_0.xml
rli_20200221_10k_0.xml,rli_20200221_10k_1.xml
ar_20200212_10k_1.xml,ar_20200212_10k_0.xml
gkos_20200302_10k_1.xml,gkos_20200302_10k_0.xml
rgs_20190827_10k_0.xml,rgs_20190827_10k_1.xml
pen_20200226_10k_1.xml,pen_20200226_10k_1.xml
cpe_20200228_10k_1.xml,cpe_20200228_10k_0.xml
cms_20200206_10k_1.xml,cms_20200206_10k_1.xml
esi_20190228_10k_1.xml,esi_20190228_10k_0.xml
dtj_20200205_10k_1.xml,dtj_20200205_10k_1.xml
sr_20191126_10k_0.xml,sr_20191126_10k_1.xml
src_20200225_10k_1.xml,src_20200225_10k_0.xml
re_20200302_10k_1.xml,re_20200302_10k_0.xml
axo_20190828_10k_1.xml,axo_20190828_10k_0.xml
fsb_20200316_10k_1.xml,fsb_20200316_10k_0.xml
jbt_20200302_10k_1.xml,jbt_20200302_10k_0.xml
hgh_20190222_10k_0.xml,hgh_20190222_10k_0.xml
arlo_20200228_10k_1.xml,arlo_20200228_10k_0.xml
f_20200205_10k_1.xml,f_20200205_10k_0.xml
msa_20200220_10k_1.xml,msa_20200220_10k_0.xml
epc_20191126_10k_0.xml,epc_20191126_10k_0.xml
vtr_20200224_10k_1.xml,vtr_20200224_10k_0.xml
pb_20200228_10k_1.xml,pb_20200228_10k_0.xml
eqr_20200220_10k_0.xml,eqr_20200220_10k_0.xml
hasi_20200225_10k_1.xml,hasi_20200225_10k_0.xml
bro_20190226_10k_1.xml,bro_20190226_10k_0.xml
adc_20200220_10k_1.xml,adc_20200220_10k_1.xml
ale_20200213_10k_0.xml,ale_20200213_10k_0.xml
amg_20200228_10k_1.xml,amg_20200228_10k_0.xml
msi_20200214_10k_1.xml,msi_20200214_10k_0.xml
esi_20200228_10k_1.xml,esi_20200228_10k_0.xml
dlb_20191125_10k_0.xml,dlb_20191125_10k_0.xml
asix_20190222_10k_0.xml,asix_20190222_10k_0.xml
ofc_20200219_10k_1.xml,ofc_20200219_10k_0.xml
csl_20190214_10k_1.xml,csl_20190214_10k_0.xml
rtx_20200206_10k_1.xml,rtx_20200206_10k_0.xml
fmc_20200228_10k_1.xml,fmc_20200228_10k_1.xml
fti_20200303_10k_1.xml,fti_20200303_10k_0.xml
rf_20200221_10k_1.xml,rf_20200221_10k_0.xml
iret_20200219_10k_1.xml,iret_20200219_10k_0.xml
dkl_20190301_10k_1.xml,dkl_20190301_10k_1.xml
dtp_20200205_10k_1.xml,dtp_20200205_10k_0.xml
kamn_20200224_10k_1.xml,kamn_20200224_10k_0.xml
kar_20200219_10k_1.xml,kar_20200219_10k_0.xml
tpx_20200224_10k_1.xml,tpx_20200224_10k_0.xml
fbhs_20200226_10k_1.xml,fbhs_20200226_10k_0.xml
oxm_20200330_10k_1.xml,oxm_20200330_10k_0.xml
epd_20200228_10k_1.xml,epd_20200228_10k_0.xml
ssd_20190227_10k_1.xml,ssd_20190227_10k_0.xml
leg_20200220_10k_1.xml,leg_20200220_10k_0.xml
nrz_20200220_10k_1.xml,nrz_20200220_10k_0.xml
ni_20200228_10k_0.xml,ni_20200228_10k_1.xml
pnw_20200221_10k_0.xml,pnw_20200221_10k_0.xml
ori_20200228_10k_1.xml,ori_20200228_10k_0.xml
drq_20200227_10k_0.xml,drq_20200227_10k_0.xml
lvs_20200207_10k_1.xml,lvs_20200207_10k_0.xml
dpz_20200220_10k_1.xml,dpz_20200220_10k_1.xml
fix_20200226_10k_1.xml,fix_20200226_10k_0.xml
qts_20200228_10k_1.xml,qts_20200228_10k_1.xml
mg_20200327_10k_0.xml,mg_20200327_10k_1.xml
wynd_20200226_10k_1.xml,wynd_20200226_10k_0.xml
smg_20191127_10k_0.xml,smg_20191127_10k_1.xml
ftv_20200227_10k_1.xml,ftv_20200227_10k_0.xml
zen_20200213_10k_1.xml,zen_20200213_10k_0.xml
cco_20200227_10k_1.xml,cco_20200227_10k_0.xml
codi_20200226_10k_1.xml,codi_20200226_10k_0.xml
omf_20200214_10k_1.xml,omf_20200214_10k_0.xml
ebs_20200225_10k_1.xml,ebs_20200225_10k_1.xml
ctb_20190219_10k_1.xml,ctb_20190219_10k_0.xml
voya_20200221_10k_1.xml,voya_20200221_10k_0.xml
kss_20200318_10k_1.xml,kss_20200318_10k_0.xml
iex_20200221_10k_1.xml,iex_20200221_10k_1.xml
lm_20200529_10k_0.xml,lm_20200529_10k_1.xml
agr_20200302_10k_0.xml,agr_20200302_10k_1.xml
bfs_20200227_10k_1.xml,bfs_20200227_10k_0.xml
hlt_20200211_10k_1.xml,hlt_20200211_10k_0.xml
yelp_20200228_10k_1.xml,yelp_20200228_10k_0.xml
bio_20200302_10k_1.xml,bio_20200302_10k_1.xml
spg_20200221_10k_1.xml,spg_20200221_10k_0.xml
ftai_20200228_10k_1.xml,ftai_20200228_10k_0.xml
eqt_20200227_10k_1.xml,eqt_20200227_10k_1.xml
cubi_20200302_10k_1.xml,cubi_20200302_10k_0.xml
mkl_20200221_10k_0.xml,mkl_20200221_10k_0.xml
kkr_20200218_10k_1.xml,kkr_20200218_10k_0.xml
rad_20200427_10k_1.xml,rad_20200427_10k_1.xml
snr_20200228_10k_1.xml,snr_20200228_10k_0.xml
pagp_20200227_10k_1.xml,pagp_20200227_10k_0.xml
bc_20200218_10k_1.xml,bc_20200218_10k_0.xml
bx_20200228_10k_1.xml,bx_20200228_10k_0.xml
cvx_20200221_10k_1.xml,cvx_20200221_10k_0.xml
pdm_20190220_10k_0.xml,pdm_20190220_10k_0.xml
unt_20200316_10k_0.xml,unt_20200316_10k_0.xml
eme_20200227_10k_1.xml,eme_20200227_10k_0.xml
pgre_20200212_10k_0.xml,pgre_20200212_10k_0.xml
cwen_20200302_10k_1.xml,cwen_20200302_10k_1.xml
thga_20200224_10k_1.xml,thga_20200224_10k_1.xml
ko_20200224_10k_1.xml,ko_20200224_10k_0.xml
cub_20191120_10k_0.xml,cub_20191120_10k_0.xml
etm_20200302_10k_0.xml,etm_20200302_10k_0.xml
inn_20200225_10k_1.xml,inn_20200225_10k_0.xml
ctva_20200214_10k_1.xml,ctva_20200214_10k_1.xml
bwa_20200213_10k_1.xml,bwa_20200213_10k_0.xml
it_20200219_10k_1.xml,it_20200219_10k_0.xml
sri_20200227_10k_1.xml,sri_20200227_10k_0.xml
bsm_20200225_10k_1.xml,bsm_20200225_10k_0.xml
sho_20200219_10k_0.xml,sho_20200219_10k_0.xml
arr_20200219_10k_1.xml,arr_20200219_10k_0.xml
ksu_20200124_10k_1.xml,ksu_20200124_10k_0.xml
maa_20200220_10k_1.xml,maa_20200220_10k_0.xml
ir_20200226_10k_1.xml,ir_20200226_10k_0.xml
vst_20200228_10k_1.xml,vst_20200228_10k_0.xml
sf_20200219_10k_1.xml,sf_20200219_10k_0.xml
dvn_20190220_10k_0.xml,dvn_20190220_10k_1.xml
aiz_20200219_10k_0.xml,aiz_20200219_10k_0.xml
esnt_20200218_10k_1.xml,esnt_20200218_10k_0.xml
egy_20200310_10k_1.xml,egy_20200310_10k_0.xml
pnc_20200302_10k_1.xml,pnc_20200302_10k_0.xml
agco_20200228_10k_1.xml,agco_20200228_10k_0.xml
ce_20200206_10k_1.xml,ce_20200206_10k_0.xml
wst_20200224_10k_1.xml,wst_20200224_10k_1.xml
cold_20200302_10k_1.xml,cold_20200302_10k_1.xml
pump_20200622_10k_0.xml,pump_20200622_10k_0.xml
bxmt_20200211_10k_1.xml,bxmt_20200211_10k_0.xml
wts_20200220_10k_0.xml,wts_20200220_10k_0.xml
ue_20200213_10k_1.xml,ue_20200213_10k_0.xml
ads_20200228_10k_1.xml,ads_20200228_10k_0.xml
fph_20200313_10k_0.xml,fph_20200313_10k_0.xml
zyme_20200302_10k_1.xml,zyme_20200302_10k_1.xml
wmt_20200320_10k_1.xml,wmt_20200320_10k_0.xml
atus_20200214_10k_1.xml,atus_20200214_10k_1.xml
awi_20200225_10k_0.xml,awi_20200225_10k_0.xml
iphi_20200302_10k_1.xml,iphi_20200302_10k_1.xml
sc_20200227_10k_1.xml,sc_20200227_10k_0.xml
pstg_20200327_10k_1.xml,pstg_20200327_10k_0.xml
fnb_20200227_10k_1.xml,fnb_20200227_10k_0.xml
son_20200228_10k_1.xml,son_20200228_10k_1.xml
aat_20200214_10k_1.xml,aat_20200214_10k_0.xml
tkr_20190215_10k_1.xml,tkr_20190215_10k_0.xml
ambc_20200302_10k_1.xml,ambc_20200302_10k_0.xml
cars_20200226_10k_1.xml,cars_20200226_10k_0.xml
mo_20200225_10k_1.xml,mo_20200225_10k_1.xml
post_20191122_10k_0.xml,post_20191122_10k_1.xml
fbc_20200228_10k_1.xml,fbc_20200228_10k_0.xml
bcc_20200224_10k_1.xml,bcc_20200224_10k_0.xml
vno_20200218_10k_1.xml,vno_20200218_10k_0.xml
ida_20200220_10k_1.xml,ida_20200220_10k_1.xml
pxd_20200224_10k_1.xml,pxd_20200224_10k_0.xml
out_20200226_10k_1.xml,out_20200226_10k_0.xml
twi_20190307_10k_0.xml,twi_20190307_10k_1.xml
cxo_20200219_10k_1.xml,cxo_20200219_10k_0.xml
rzb_20200227_10k_1.xml,rzb_20200227_10k_0.xml
val_20200221_10k_1.xml,val_20200221_10k_0.xml
wll_20200227_10k_1.xml,wll_20200227_10k_0.xml
wy_20200214_10k_1.xml,wy_20200214_10k_0.xml
kr_20200401_10k_0.xml,kr_20200401_10k_0.xml
cuk_20200128_10k_1.xml,cuk_20200128_10k_0.xml
clny_20200302_10k_1.xml,clny_20200302_10k_0.xml
mfa_20200221_10k_1.xml,mfa_20200221_10k_0.xml
aple_20200224_10k_1.xml,aple_20200224_10k_0.xml
now_20200220_10k_1.xml,now_20200220_10k_1.xml
gpi_20200213_10k_1.xml,gpi_20200213_10k_0.xml
bsa_20200302_10k_1.xml,bsa_20200302_10k_0.xml
fss_20200227_10k_1.xml,fss_20200227_10k_1.xml
cade_20200228_10k_1.xml,cade_20200228_10k_0.xml
wk_20190220_10k_1.xml,wk_20190220_10k_1.xml
sci_20200218_10k_0.xml,sci_20200218_10k_1.xml
acn_20191029_10k_0.xml,acn_20191029_10k_1.xml
pd_20200319_10k_1.xml,pd_20200319_10k_0.xml
ceix_20200214_10k_1.xml,ceix_20200214_10k_0.xml
aes_20200228_10k_1.xml,aes_20200228_10k_0.xml
rh_20200330_10k_1.xml,rh_20200330_10k_0.xml
spxc_20200214_10k_1.xml,spxc_20200214_10k_0.xml
dan_20200214_10k_1.xml,dan_20200214_10k_0.xml
gco_20200401_10k_0.xml,gco_20200401_10k_1.xml
adsw_20200224_10k_0.xml,adsw_20200224_10k_1.xml
sq_20200226_10k_1.xml,sq_20200226_10k_0.xml
mnr_20191125_10k_0.xml,mnr_20191125_10k_0.xml
enr_20191119_10k_0.xml,enr_20191119_10k_1.xml
mcd_20200226_10k_1.xml,mcd_20200226_10k_0.xml
ax_20190828_10k_1.xml,ax_20190828_10k_1.xml
kref_20200219_10k_1.xml,kref_20200219_10k_0.xml
wpg_20200227_10k_1.xml,wpg_20200227_10k_0.xml
rxn_20200512_10k_0.xml,rxn_20200512_10k_1.xml
lxp_20200220_10k_1.xml,lxp_20200220_10k_1.xml
stwd_20200225_10k_1.xml,stwd_20200225_10k_0.xml
wk_20200220_10k_1.xml,wk_20200220_10k_0.xml
expr_20200317_10k_1.xml,expr_20200317_10k_0.xml
shlx_20190221_10k_1.xml,shlx_20190221_10k_1.xml
sna_20200213_10k_1.xml,sna_20200213_10k_0.xml
lyv_20200227_10k_0.xml,lyv_20200227_10k_0.xml
sail_20190318_10k_0.xml,sail_20190318_10k_0.xml
et_20200221_10k_1.xml,et_20200221_10k_0.xml
ceqp_20200221_10k_1.xml,ceqp_20200221_10k_0.xml
pjh_20200214_10k_1.xml,pjh_20200214_10k_1.xml
uza_20200225_10k_1.xml,uza_20200225_10k_1.xml
tlrd_20200408_10k_0.xml,tlrd_20200408_10k_0.xml
vvi_20200226_10k_0.xml,vvi_20200226_10k_0.xml
ajrd_20200219_10k_0.xml,ajrd_20200219_10k_1.xml
fds_20191030_10k_0.xml,fds_20191030_10k_0.xml
wes_20200227_10k_1.xml,wes_20200227_10k_0.xml
rvi_20200302_10k_1.xml,rvi_20200302_10k_0.xml
fcn_20200225_10k_0.xml,fcn_20200225_10k_1.xml
gff_20191122_10k_0.xml,gff_20191122_10k_0.xml
mic_20200225_10k_1.xml,mic_20200225_10k_0.xml
fls_20200218_10k_1.xml,fls_20200218_10k_0.xml
hl_20200210_10k_1.xml,hl_20200210_10k_0.xml
aos_20200224_10k_1.xml,aos_20200224_10k_1.xml
ati_20200225_10k_1.xml,ati_20200225_10k_0.xml
rdn_20200228_10k_1.xml,rdn_20200228_10k_0.xml
earn_20200312_10k_1.xml,earn_20200312_10k_0.xml
tbi_20200224_10k_1.xml,tbi_20200224_10k_0.xml
eaf_20200221_10k_0.xml,eaf_20200221_10k_1.xml
hes_20200220_10k_1.xml,hes_20200220_10k_0.xml
wh_20200213_10k_1.xml,wh_20200213_10k_0.xml
bdn_20190222_10k_0.xml,bdn_20190222_10k_0.xml
ely_20200302_10k_1.xml,ely_20200302_10k_0.xml
mux_20200316_10k_1.xml,mux_20200316_10k_0.xml
atkr_20191122_10k_0.xml,atkr_20191122_10k_0.xml
abt_20200221_10k_1.xml,abt_20200221_10k_1.xml
tpc_20200226_10k_1.xml,tpc_20200226_10k_0.xml
ihc_20190315_10k_1.xml,ihc_20190315_10k_0.xml
tph_20200219_10k_1.xml,tph_20200219_10k_0.xml
cldt_20200226_10k_1.xml,cldt_20200226_10k_0.xml
uht_20200226_10k_0.xml,uht_20200226_10k_0.xml
gps_20200317_10k_1.xml,gps_20200317_10k_0.xml
door_20200220_10k_1.xml,door_20200220_10k_0.xml
cmp_20200226_10k_1.xml,cmp_20200226_10k_0.xml
tsn_20191112_10k_0.xml,tsn_20191112_10k_0.xml
asgn_20200302_10k_1.xml,asgn_20200302_10k_0.xml
keys_20191218_10k_0.xml,keys_20191218_10k_0.xml
acm_20191113_10k_0.xml,acm_20191113_10k_0.xml
sail_20200224_10k_1.xml,sail_20200224_10k_0.xml
cien_20191220_10k_0.xml,cien_20191220_10k_1.xml
fnd_20200220_10k_1.xml,fnd_20200220_10k_0.xml
usfd_20200213_10k_1.xml,usfd_20200213_10k_0.xml
ccz_20200130_10k_0.xml,ccz_20200130_10k_1.xml
asb_20200211_10k_1.xml,asb_20200211_10k_0.xml
dg_20200319_10k_1.xml,dg_20200319_10k_0.xml
nwn_20200302_10k_0.xml,nwn_20200302_10k_1.xml
byd_20200227_10k_1.xml,byd_20200227_10k_0.xml
tsq_20200609_10k_1.xml,tsq_20200609_10k_0.xml
tgt_20200311_10k_1.xml,tgt_20200311_10k_0.xml
ipg_20200221_10k_1.xml,ipg_20200221_10k_0.xml
xhr_20200225_10k_0.xml,xhr_20200225_10k_0.xml
mwa_20191120_10k_0.xml,mwa_20191120_10k_1.xml
hig_20200221_10k_1.xml,hig_20200221_10k_0.xml
pri_20200228_10k_1.xml,pri_20200228_10k_0.xml
kbr_20190226_10k_1.xml,kbr_20190226_10k_0.xml
fr_20200213_10k_1.xml,fr_20200213_10k_0.xml
ath_20200220_10k_1.xml,ath_20200220_10k_0.xml
gnrc_20200225_10k_1.xml,gnrc_20200225_10k_1.xml
gra_20200227_10k_1.xml,gra_20200227_10k_0.xml
spr_20200228_10k_1.xml,spr_20200228_10k_0.xml
etn_20200226_10k_1.xml,etn_20200226_10k_0.xml
bmi_20200221_10k_1.xml,bmi_20200221_10k_0.xml
bah_20200526_10k_1.xml,bah_20200526_10k_0.xml
mod_20200529_10k_0.xml,mod_20200529_10k_1.xml
stor_20200221_10k_1.xml,stor_20200221_10k_0.xml
alk_20200212_10k_1.xml,alk_20200212_10k_0.xml
frt_20200210_10k_1.xml,frt_20200210_10k_0.xml
qsr_20200221_10k_1.xml,qsr_20200221_10k_0.xml
lzb_20200623_10k_0.xml,lzb_20200623_10k_0.xml
pdm_20200219_10k_0.xml,pdm_20200219_10k_0.xml
ibp_20200227_10k_1.xml,ibp_20200227_10k_0.xml
wri_20200227_10k_1.xml,wri_20200227_10k_0.xml
sji_20200227_10k_1.xml,sji_20200227_10k_1.xml
awk_20200218_10k_1.xml,awk_20200218_10k_1.xml
oge_20200227_10k_1.xml,oge_20200227_10k_0.xml
six_20200220_10k_1.xml,six_20200220_10k_0.xml
vlo_20200226_10k_1.xml,vlo_20200226_10k_0.xml
hae_20200520_10k_1.xml,hae_20200520_10k_0.xml
nav_20191217_10k_0.xml,nav_20191217_10k_0.xml
nvta_20200302_10k_1.xml,nvta_20200302_10k_0.xml
a_20191219_10k_0.xml,a_20191219_10k_1.xml
lad_20200221_10k_1.xml,lad_20200221_10k_0.xml
ew_20200214_10k_1.xml,ew_20200214_10k_1.xml
laz_20200225_10k_1.xml,laz_20200225_10k_0.xml
nsco_20200316_10k_1.xml,nsco_20200316_10k_1.xml
mdu_20200221_10k_1.xml,mdu_20200221_10k_0.xml
plan_20200330_10k_1.xml,plan_20200330_10k_0.xml
teva_20200221_10k_1.xml,teva_20200221_10k_0.xml
sui_20200220_10k_1.xml,sui_20200220_10k_0.xml
snap_20200205_10k_1.xml,snap_20200205_10k_0.xml
alg_20190301_10k_1.xml,alg_20190301_10k_1.xml
hrl_20191206_10k_1.xml,hrl_20191206_10k_0.xml
nr_20200221_10k_1.xml,nr_20200221_10k_0.xml
fet_20200225_10k_1.xml,fet_20200225_10k_0.xml
am_20200212_10k_1.xml,am_20200212_10k_0.xml
ldl_20200226_10k_1.xml,ldl_20200226_10k_0.xml
nsc_20200206_10k_1.xml,nsc_20200206_10k_0.xml
kai_20200225_10k_1.xml,kai_20200225_10k_0.xml
spb_20191115_10k_0.xml,spb_20191115_10k_1.xml
wat_20200225_10k_0.xml,wat_20200225_10k_1.xml
argo_20200228_10k_0.xml,argo_20200228_10k_0.xml
rl_20200527_10k_0.xml,rl_20200527_10k_0.xml
cim_20200224_10k_1.xml,cim_20200224_10k_0.xml
pld_20200211_10k_1.xml,pld_20200211_10k_1.xml
rig_20200218_10k_1.xml,rig_20200218_10k_0.xml
ehc_20200227_10k_0.xml,ehc_20200227_10k_0.xml
sndr_20200219_10k_1.xml,sndr_20200219_10k_1.xml
dhr_20200221_10k_1.xml,dhr_20200221_10k_1.xml
lii_20200218_10k_1.xml,lii_20200218_10k_0.xml
alle_20200218_10k_1.xml,alle_20200218_10k_0.xml
rng_20200226_10k_1.xml,rng_20200226_10k_1.xml
flo_20200219_10k_1.xml,flo_20200219_10k_1.xml
ufs_20200225_10k_0.xml,ufs_20200225_10k_0.xml
plt_20200608_10k_1.xml,plt_20200608_10k_0.xml
dy_20200302_10k_1.xml,dy_20200302_10k_1.xml
cc_20200214_10k_1.xml,cc_20200214_10k_0.xml
duk_20200220_10k_0.xml,duk_20200220_10k_1.xml
fbp_20200302_10k_1.xml,fbp_20200302_10k_0.xml
hiw_20200204_10k_1.xml,hiw_20200204_10k_0.xml
aroc_20200221_10k_1.xml,aroc_20200221_10k_0.xml
ckh_20200228_10k_1.xml,ckh_20200228_10k_0.xml
hep_20200220_10k_1.xml,hep_20200220_10k_0.xml
dkl_20200228_10k_1.xml,dkl_20200228_10k_0.xml
rfp_20200302_10k_1.xml,rfp_20200302_10k_0.xml
udr_20200218_10k_1.xml,udr_20200218_10k_0.xml
banc_20200302_10k_1.xml,banc_20200302_10k_0.xml
bgg_20190827_10k_1.xml,bgg_20190827_10k_1.xml
trn_20200220_10k_1.xml,trn_20200220_10k_0.xml
quot_20200302_10k_1.xml,quot_20200302_10k_0.xml
uzb_20200225_10k_1.xml,uzb_20200225_10k_1.xml
sum_20200205_10k_1.xml,sum_20200205_10k_0.xml
cbt_20191122_10k_0.xml,cbt_20191122_10k_0.xml
gel_20200227_10k_1.xml,gel_20200227_10k_0.xml
dvn_20200219_10k_1.xml,dvn_20200219_10k_0.xml
tpr_20190815_10k_1.xml,tpr_20190815_10k_1.xml
mtx_20200214_10k_1.xml,mtx_20200214_10k_0.xml
ryam_20200302_10k_1.xml,ryam_20200302_10k_0.xml
unm_20200218_10k_1.xml,unm_20200218_10k_0.xml
int_20190301_10k_1.xml,int_20190301_10k_1.xml
dks_20200320_10k_1.xml,dks_20200320_10k_1.xml
evh_20200302_10k_1.xml,evh_20200302_10k_0.xml
ba_20200131_10k_1.xml,ba_20200131_10k_0.xml
mr_20200310_10k_1.xml,mr_20200310_10k_0.xml
oec_20200220_10k_1.xml,oec_20200220_10k_0.xml
net_20200304_10k_1.xml,net_20200304_10k_1.xml
fis_20200220_10k_1.xml,fis_20200220_10k_1.xml
x_20200214_10k_1.xml,x_20200214_10k_0.xml
uri_20200129_10k_1.xml,uri_20200129_10k_0.xml
akr_20200221_10k_1.xml,akr_20200221_10k_0.xml
nwe_20200213_10k_0.xml,nwe_20200213_10k_1.xml
ibm_20200225_10k_1.xml,ibm_20200225_10k_0.xml
hgv_20200302_10k_1.xml,hgv_20200302_10k_0.xml
shak_20200224_10k_1.xml,shak_20200224_10k_0.xml
scs_20200427_10k_0.xml,scs_20200427_10k_1.xml
gms_20200625_10k_0.xml,gms_20200625_10k_0.xml
dbi_20200501_10k_0.xml,dbi_20200501_10k_0.xml
bxp_20200302_10k_0.xml,bxp_20200302_10k_0.xml
eqc_20200213_10k_1.xml,eqc_20200213_10k_1.xml
ggg_20200218_10k_0.xml,ggg_20200218_10k_1.xml
jeld_20200224_10k_1.xml,jeld_20200224_10k_0.xml
vfc_20200527_10k_1.xml,vfc_20200527_10k_0.xml
cxp_20200213_10k_1.xml,cxp_20200213_10k_0.xml
rlj_20200226_10k_1.xml,rlj_20200226_10k_0.xml
ngl_20200601_10k_0.xml,ngl_20200601_10k_0.xml
ttc_20191220_10k_0.xml,ttc_20191220_10k_1.xml
bkd_20200219_10k_0.xml,bkd_20200219_10k_0.xml
whg_20200220_10k_0.xml,whg_20200220_10k_0.xml
chd_20200218_10k_1.xml,chd_20200218_10k_1.xml
bdc_20200211_10k_0.xml,bdc_20200211_10k_0.xml
acc_20200227_10k_1.xml,acc_20200227_10k_0.xml
cw_20200227_10k_0.xml,cw_20200227_10k_0.xml
mms_20191126_10k_0.xml,mms_20191126_10k_0.xml
dhi_20191125_10k_0.xml,dhi_20191125_10k_0.xml
musa_20200218_10k_1.xml,musa_20200218_10k_1.xml
afg_20200225_10k_0.xml,afg_20200225_10k_0.xml
dlr_20200302_10k_1.xml,dlr_20200302_10k_1.xml
adnt_20191122_10k_0.xml,adnt_20191122_10k_0.xml
mtd_20200207_10k_1.xml,mtd_20200207_10k_1.xml
sjm_20200619_10k_0.xml,sjm_20200619_10k_0.xml
gd_20200210_10k_1.xml,gd_20200210_10k_0.xml
tmhc_20200219_10k_1.xml,tmhc_20200219_10k_0.xml
tnc_20200227_10k_1.xml,tnc_20200227_10k_0.xml
door_20190226_10k_1.xml,door_20190226_10k_0.xml
wsm_20200327_10k_1.xml,wsm_20200327_10k_0.xml
trex_20200224_10k_1.xml,trex_20200224_10k_1.xml
btu_20200221_10k_0.xml,btu_20200221_10k_0.xml
unh_20200214_10k_1.xml,unh_20200214_10k_1.xml
l_20200212_10k_0.xml,l_20200212_10k_0.xml
dnr_20200227_10k_1.xml,dnr_20200227_10k_0.xml
nova_20200225_10k_1.xml,nova_20200225_10k_0.xml
fi_20200225_10k_0.xml,fi_20200225_10k_0.xml
ohi_20200228_10k_1.xml,ohi_20200228_10k_0.xml
bgs_20200226_10k_1.xml,bgs_20200226_10k_1.xml
lpx_20200213_10k_1.xml,lpx_20200213_10k_0.xml
trtn_20200214_10k_1.xml,trtn_20200214_10k_0.xml
hxl_20200218_10k_1.xml,hxl_20200218_10k_0.xml
yumc_20200227_10k_1.xml,yumc_20200227_10k_1.xml
wrb_20200220_10k_1.xml,wrb_20200220_10k_0.xml
cmsc_20200206_10k_1.xml,cmsc_20200206_10k_1.xml
rsg_20200214_10k_1.xml,rsg_20200214_10k_0.xml
hr_20200212_10k_1.xml,hr_20200212_10k_1.xml
cci_20200310_10k_1.xml,cci_20200310_10k_1.xml
ramp_20190529_10k_0.xml,ramp_20190529_10k_0.xml
iqv_20200218_10k_1.xml,iqv_20200218_10k_0.xml
dow_20200207_10k_1.xml,dow_20200207_10k_0.xml
cmo_20200221_10k_1.xml,cmo_20200221_10k_0.xml
mmi_20200302_10k_1.xml,mmi_20200302_10k_1.xml
swx_20200302_10k_1.xml,swx_20200302_10k_1.xml
ryn_20200224_10k_1.xml,ryn_20200224_10k_1.xml
adt_20200310_10k_1.xml,adt_20200310_10k_0.xml
ifft_20200303_10k_1.xml,ifft_20200303_10k_1.xml
pbf_20200220_10k_1.xml,pbf_20200220_10k_0.xml
por_20200214_10k_0.xml,por_20200214_10k_1.xml
sojc_20200220_10k_1.xml,sojc_20200220_10k_1.xml
tfc_20200303_10k_1.xml,tfc_20200303_10k_0.xml
hog_20200219_10k_1.xml,hog_20200219_10k_0.xml
kex_20200224_10k_1.xml,kex_20200224_10k_0.xml
cop_20200218_10k_1.xml,cop_20200218_10k_0.xml
cnxm_20200210_10k_0.xml,cnxm_20200210_10k_0.xml
scl_20200227_10k_1.xml,scl_20200227_10k_1.xml
